agresiven	ADJ	DDDS|agresiven|ADJ|1	ki izkazuje drznost, hitrost
agresiven	ADJ	DDDS|agresiven|ADJ|2	ki se hitro širi, napreduje
agresiven	ADJ	DDDS|agresiven|ADJ|3	ki povzroča razjedo, poškodbo
agresiven	ADJ	DDDS|agresiven|ADJ|4	o človeku ali živali
agresiven	ADJ	DDDS|agresiven|ADJ|5	o obliki, izgledu
agresiven	ADJ	DDDS|agresiven|ADJ|6	o dejavnosti
agresiven	ADJ	DDDS|agresiven|ADJ|7	o igri
agresiven	ADJ	DDDS|agresiven|ADJ|8	o povečani aktivnosti
aktiven	ADJ	DDDS|aktiven|ADJ|1	ki ni v fazi mirovanja
aktiven	ADJ	DDDS|aktiven|ADJ|2	o naravnem pojavu
aktiven	ADJ	DDDS|aktiven|ADJ|3	ki vključuje različne aktivnosti
aktiven	ADJ	DDDS|aktiven|ADJ|4	o prispevanju k dejavnosti
aktiven	ADJ	DDDS|aktiven|ADJ|5	usmerjen v izboljšanje
aktiven	ADJ	DDDS|aktiven|ADJ|6	ki se veliko giblje
aktiven	ADJ	DDDS|aktiven|ADJ|7	o napravi ali programu
aktiven	ADJ	DDDS|aktiven|ADJ|8	o snovi
aktiven	ADJ	DDDS|aktiven|ADJ|9	živahen; o povečani dejavnosti
aktiven	ADJ	DDDS|aktiven|ADJ|10	ki se poklicno ukvarja
aktiven	ADJ	DDDS|aktiven|ADJ|11	ko kaj delamo ali ne počivamo
beseda	NOUN	DDDS|beseda|NOUN|1	jezik skupnosti
beseda	NOUN	DDDS|beseda|NOUN|2	o umetniškem izražanju
beseda	NOUN	DDDS|beseda|NOUN|3	vloga pri odločanju
beseda	NOUN	DDDS|beseda|NOUN|4	govorjenje
beseda	NOUN	DDDS|beseda|NOUN|5	pogovor, debata
beseda	NOUN	DDDS|beseda|NOUN|6	izražena misel
beseda	NOUN	DDDS|beseda|NOUN|7	obljuba
beseda	NOUN	DDDS|beseda|NOUN|8	NEDOLOČENO
beseda	NOUN	DDDS|beseda|NOUN|9	jezikovna enota s pomenom
blok	NOUN	DDDS|blok|NOUN|1	o politični usmerjenosti
blok	NOUN	DDDS|blok|NOUN|2	o obrambi
blok	NOUN	DDDS|blok|NOUN|3	oddelek
blok	NOUN	DDDS|blok|NOUN|4	o spetih listih
blok	NOUN	DDDS|blok|NOUN|5	velik kos materiala
blok	NOUN	DDDS|blok|NOUN|6	sklop pohištva
blok	NOUN	DDDS|blok|NOUN|7	podatkovna enota
blok	NOUN	DDDS|blok|NOUN|8	v filateliji
blok	NOUN	DDDS|blok|NOUN|9	sklop istovrstnih zadev
blok	NOUN	DDDS|blok|NOUN|10	del motorja
blok	NOUN	DDDS|blok|NOUN|11	stanovanjska zgradba
bomba	NOUN	DDDS|bomba|NOUN|1	o povzročanju nemira
bomba	NOUN	DDDS|bomba|NOUN|2	o veliki količini
bomba	NOUN	DDDS|bomba|NOUN|3	udarec
bomba	NOUN	DDDS|bomba|NOUN|4	plinska jeklenka
bomba	NOUN	DDDS|bomba|NOUN|5	eksploziven strel na gol
bomba	NOUN	DDDS|bomba|NOUN|6	kar je dobro ali impresivno
bomba	NOUN	DDDS|bomba|NOUN|7	eksplozivno telo
bomba	NOUN	DDDS|bomba|NOUN|8	o spolni privlačnosti
braniti	VERB	DDDS|braniti|VERB|1	upravičevati dejanje
braniti	VERB	DDDS|braniti|VERB|2	pri igrah z žogo
braniti	VERB	DDDS|braniti|VERB|3	ščititi pred napadom ali nevarnostjo
braniti	VERB	DDDS|braniti|VERB|4	tekmovati za športni položaj
braniti	VERB	DDDS|braniti|VERB|5	o ohranjanju vrednot ali pravic
braniti	VERB	DDDS|braniti|VERB|6	preprečiti dejanje; onemogočiti
braniti	VERB	DDDS|braniti|VERB|7	zagovarjati pred sodiščem
braniti	VERB	DDDS|braniti|VERB|8	v šolstvu
braniti	VERB	DDDS|braniti|VERB|9	pri šahu
brcati	VERB	DDDS|brcati|VERB|1	spravljati koga iz določene situacije ali kraja
brcati	VERB	DDDS|brcati|VERB|2	pri dojenčkih
brcati	VERB	DDDS|brcati|VERB|3	odstavljati
brcati	VERB	DDDS|brcati|VERB|4	o razgibavanju
brcati	VERB	DDDS|brcati|VERB|5	o povzročanju bolečine ali škode
brcati	VERB	DDDS|brcati|VERB|6	stran od sebe
brcati	VERB	DDDS|brcati|VERB|7	vztrajati
brcati	VERB	DDDS|brcati|VERB|8	nenadzorovano premikati noge
brcati	VERB	DDDS|brcati|VERB|9	pri plavanju
dajati	VERB	DDDS|dajati|VERB|1	zagotavljati lastnost
dajati	VERB	DDDS|dajati|VERB|2	povzročati, da kdo kaj ima, lahko uporablja
dajati	VERB	DDDS|dajati|VERB|3	zagotavljati, da lahko kdo kaj uresniči
dajati	VERB	DDDS|dajati|VERB|4	plačevati
dajati	VERB	DDDS|dajati|VERB|5	napovedovati, kazati se, sklepati (z nedoločnikom)
dajati	VERB	DDDS|dajati|VERB|6	prinašati v kakovosti, količini
dajati	VERB	DDDS|dajati|VERB|7	povzročati nelagodje
dajati	VERB	DDDS|dajati|VERB|8	izrekati, izjavljati
dajati	VERB	DDDS|dajati|VERB|9	aplicirati nanašati, vnašati
dajati	VERB	DDDS|dajati|VERB|10	povzročati, da je kdo česa deležen
dajati	VERB	DDDS|dajati|VERB|11	kazati
dajati	VERB	DDDS|dajati|VERB|12	pripisovati vrednost, pomen
dajati	VERB	DDDS|dajati|VERB|13	zagotavljati, da lahko kdo  kaj uporabi, uveljavi
dihanje	NOUN	DDDS|dihanje|NOUN|1	o prehodu kisika skozi celice
dihanje	NOUN	DDDS|dihanje|NOUN|2	telesna funkcija
dihanje	NOUN	DDDS|dihanje|NOUN|3	o obstoju oz. razvoju
dihanje	NOUN	DDDS|dihanje|NOUN|4	o usklajenosti delovanja
dihanje	NOUN	DDDS|dihanje|NOUN|5	o raznolikosti
dihanje	NOUN	DDDS|dihanje|NOUN|6	o stroju
dihanje	NOUN	DDDS|dihanje|NOUN|7	o vetru
dihanje	NOUN	DDDS|dihanje|NOUN|8	o prepuščanju zraka
duh	NOUN	DDDS|duh|NOUN|1	o nasprotujočih nazorih ljudi
duh	NOUN	DDDS|duh|NOUN|2	o vzdušju v skupnosti
duh	NOUN	DDDS|duh|NOUN|3	vonjava
duh	NOUN	DDDS|duh|NOUN|4	oseba z izrazito lastnostjo
duh	NOUN	DDDS|duh|NOUN|5	mitološko bitje
duh	NOUN	DDDS|duh|NOUN|6	duša
duh	NOUN	DDDS|duh|NOUN|7	umrlo bitje
duh	NOUN	DDDS|duh|NOUN|8	resnični pomen
duh	NOUN	DDDS|duh|NOUN|9	znak škodljivega za družbo
duh	NOUN	DDDS|duh|NOUN|10	o mentalni ravni
duh	NOUN	DDDS|duh|NOUN|11	grožnja nevarnosti
duh	NOUN	DDDS|duh|NOUN|12	o nazoru družbe
duh	NOUN	DDDS|duh|NOUN|13	o osebnostnih lastnostih
duh	NOUN	DDDS|duh|NOUN|14	o lastnosti česa
dvojček	NOUN	DDDS|dvojček|NOUN|1	telekomunikacijski paket
dvojček	NOUN	DDDS|dvojček|NOUN|2	astrološko znamenje
dvojček	NOUN	DDDS|dvojček|NOUN|3	v košarki
dvojček	NOUN	DDDS|dvojček|NOUN|4	hiša
dvojček	NOUN	DDDS|dvojček|NOUN|5	o otroku
dvojček	NOUN	DDDS|dvojček|NOUN|6	dve povezani zadevi
dvojček	NOUN	DDDS|dvojček|NOUN|7	o podobnosti nečesa
dvojček	NOUN	DDDS|dvojček|NOUN|8	o telefonski liniji
dvojček	NOUN	DDDS|dvojček|NOUN|9	nebotičnik
dvojček	NOUN	DDDS|dvojček|NOUN|10	o kristalu
eksplodirati	VERB	DDDS|eksplodirati|VERB|1	raztreščiti se
eksplodirati	VERB	DDDS|eksplodirati|VERB|2	o močnem učinku
eksplodirati	VERB	DDDS|eksplodirati|VERB|3	o močnem čustvenem odzivu
eksplodirati	VERB	DDDS|eksplodirati|VERB|4	o telesnem občutju
eksplodirati	VERB	DDDS|eksplodirati|VERB|5	o siloviti rasti
eksplodirati	VERB	DDDS|eksplodirati|VERB|6	o neustreznem pristopu
eksplodirati	VERB	DDDS|eksplodirati|VERB|7	o hitrem premikanju
eksplodirati	VERB	DDDS|eksplodirati|VERB|8	sunkovito se razpršiti
format	NOUN	DDDS|format|NOUN|1	slikarstvo
format	NOUN	DDDS|format|NOUN|2	fotografija
format	NOUN	DDDS|format|NOUN|3	o obliki in velikosti predmeta/česa
format	NOUN	DDDS|format|NOUN|4	o vrednosti, kvaliteti
format	NOUN	DDDS|format|NOUN|5	v računalništvu
format	NOUN	DDDS|format|NOUN|6	o modelu, načinu, principu organizacije ali ureditve
format	NOUN	DDDS|format|NOUN|7	film ipd.
format	NOUN	DDDS|format|NOUN|8	o dimenzijah papirja
grob	ADJ	DDDS|grob|ADJ|1	o fizičnem kontaktu
grob	ADJ	DDDS|grob|ADJ|2	o visoki stopnji
grob	ADJ	DDDS|grob|ADJ|3	približen
grob	ADJ	DDDS|grob|ADJ|4	nedodelan; surov
grob	ADJ	DDDS|grob|ADJ|5	o otipu
grob	ADJ	DDDS|grob|ADJ|6	o obnašanju osebe
grob	ADJ	DDDS|grob|ADJ|7	o zaznavni lastnosti
grob	NOUN	DDDS|grob|NOUN|1	smrt
grob	NOUN	DDDS|grob|NOUN|2	jama
grob	NOUN	DDDS|grob|NOUN|3	mesto pokopanega
hladen	ADJ	DDDS|hladen|ADJ|1	o intenzivnem negativnem doživljanju
hladen	ADJ	DDDS|hladen|ADJ|2	o ravnodušni reakciji
hladen	ADJ	DDDS|hladen|ADJ|3	o načinu obdelave
hladen	ADJ	DDDS|hladen|ADJ|4	o telesnem občutku
hladen	ADJ	DDDS|hladen|ADJ|5	o vremenu
hladen	ADJ	DDDS|hladen|ADJ|6	o osebnostni lastnosti
hladen	ADJ	DDDS|hladen|ADJ|7	ki ne izraža čustev
hladen	ADJ	DDDS|hladen|ADJ|8	o hrani
hladen	ADJ	DDDS|hladen|ADJ|9	odklonilen
hladen	ADJ	DDDS|hladen|ADJ|10	o barvi ali materialu
hladen	ADJ	DDDS|hladen|ADJ|11	o objektivnosti
hladen	ADJ	DDDS|hladen|ADJ|12	o praznosti
hladen	ADJ	DDDS|hladen|ADJ|13	miren; trezen
igla	NOUN	DDDS|igla|NOUN|1	varnostni zatič granate
igla	NOUN	DDDS|igla|NOUN|2	o skali
igla	NOUN	DDDS|igla|NOUN|3	o drogiranju
igla	NOUN	DDDS|igla|NOUN|4	drevesna iglica
igla	NOUN	DDDS|igla|NOUN|5	del strelnega orožja
igla	NOUN	DDDS|igla|NOUN|6	o občutku
igla	NOUN	DDDS|igla|NOUN|7	zaponka
igla	NOUN	DDDS|igla|NOUN|8	o obliki
igla	NOUN	DDDS|igla|NOUN|9	del motorja
igla	NOUN	DDDS|igla|NOUN|10	o akupunkturi
igla	NOUN	DDDS|igla|NOUN|11	o orodju
igla	NOUN	DDDS|igla|NOUN|12	o povzročanju trpljenja
igla	NOUN	DDDS|igla|NOUN|13	konica pripomočka
igla	NOUN	DDDS|igla|NOUN|14	žival
igla	NOUN	DDDS|igla|NOUN|15	za tetoviranje
igla	NOUN	DDDS|igla|NOUN|16	za šivanje
igla	NOUN	DDDS|igla|NOUN|17	kazalec pri napravi
igla	NOUN	DDDS|igla|NOUN|18	medicinski pripomoček
igla	NOUN	DDDS|igla|NOUN|19	živalska bodica
igla	NOUN	DDDS|igla|NOUN|20	pletilka
igrati	VERB	DDDS|igrati|VERB|1	za zabavo
igrati	VERB	DDDS|igrati|VERB|2	v športu
igrati	VERB	DDDS|igrati|VERB|3	predvajati
igrati	VERB	DDDS|igrati|VERB|4	o izkoriščanju določene lastnosti
igrati	VERB	DDDS|igrati|VERB|5	o čustvenih odzivih
igrati	VERB	DDDS|igrati|VERB|6	pretvarjati se
igrati	VERB	DDDS|igrati|VERB|7	biti v določeni funkciji
igrati	VERB	DDDS|igrati|VERB|8	ustvarjati glasbo
igrati	VERB	DDDS|igrati|VERB|9	v filmu ali gledališču
imeti	VERB	DDDS|imeti|VERB|1	dejstvo, da kaj obstaja, je pri kom
imeti	VERB	DDDS|imeti|VERB|2	biti deležen
imeti	VERB	DDDS|imeti|VERB|3	o kognitivnih procesih
imeti	VERB	DDDS|imeti|VERB|4	o sestavi
imeti	VERB	DDDS|imeti|VERB|5	o stanju
imeti	VERB	DDDS|imeti|VERB|6	o pomembnosti
imeti	VERB	DDDS|imeti|VERB|7	obsegati
imeti	VERB	DDDS|imeti|VERB|8	o starosti
imeti	VERB	DDDS|imeti|VERB|9	o družinskih razmerjih
imeti	VERB	DDDS|imeti|VERB|10	o lastnosti
imeti	VERB	DDDS|imeti|VERB|11	o aktivnosti, dejavnosti
imeti	VERB	DDDS|imeti|VERB|12	o mnenju
imeti	VERB	DDDS|imeti|VERB|13	o lastnini
izdati	VERB	DDDS|izdati|VERB|1	izneveriti; prevarati
izdati	VERB	DDDS|izdati|VERB|2	dati v obtok
izdati	VERB	DDDS|izdati|VERB|3	o skrivnih podatkih
izdati	VERB	DDDS|izdati|VERB|4	o telesu
izdati	VERB	DDDS|izdati|VERB|5	o čustvih
izdati	VERB	DDDS|izdati|VERB|6	objaviti za prodajo
izdati	VERB	DDDS|izdati|VERB|7	povedati; zaupati
izdati	VERB	DDDS|izdati|VERB|8	o dokumentih in listinah
izgubiti	VERB	DDDS|izgubiti|VERB|1	biti ob
izgubiti	VERB	DDDS|izgubiti|VERB|2	izgubiti povezavo z ljudmi
izgubiti	VERB	DDDS|izgubiti|VERB|3	o lastnini v boju
izgubiti	VERB	DDDS|izgubiti|VERB|4	o smrti
izgubiti	VERB	DDDS|izgubiti|VERB|5	ne najti predmeta
izgubiti	VERB	DDDS|izgubiti|VERB|6	ostati brez česa
izgubiti	VERB	DDDS|izgubiti|VERB|7	biti poražen
izgubiti	VERB	DDDS|izgubiti|VERB|8	ne najti smisla; ne najti poti v življenju
izpustiti	VERB	DDDS|izpustiti|VERB|1	ne predati, ne zadržati
izpustiti	VERB	DDDS|izpustiti|VERB|2	ne vključiti, ne upoštevati
izpustiti	VERB	DDDS|izpustiti|VERB|3	o glasu
izpustiti	VERB	DDDS|izpustiti|VERB|4	oddajati v okolje
izpustiti	VERB	DDDS|izpustiti|VERB|5	ne udeležiti se
izpustiti	VERB	DDDS|izpustiti|VERB|6	nehati spremljati
izpustiti	VERB	DDDS|izpustiti|VERB|7	iz rok
izpustiti	VERB	DDDS|izpustiti|VERB|8	iz ujetništva, zapora
izrezan	ADJ	DDDS|izrezan|ADJ|1	vzet iz celote
izrezan	ADJ	DDDS|izrezan|ADJ|2	o kroju oblačila
izrezan	ADJ	DDDS|izrezan|ADJ|3	z rezanjem odstranjen iz telesa
izrezan	ADJ	DDDS|izrezan|ADJ|4	o oblikovanju materiala
izrezan	ADJ	DDDS|izrezan|ADJ|5	izločen s škarjami ali nožem
izrezan	ADJ	DDDS|izrezan|ADJ|6	ki povsem ustreza merilom
izrezan	ADJ	DDDS|izrezan|ADJ|7	o odstranitvi nebistvenih delov
izrezan	ADJ	DDDS|izrezan|ADJ|8	o obliki
izrezan	ADJ	DDDS|izrezan|ADJ|9	zelo podoben
jama	NOUN	DDDS|jama|NOUN|1	zbirališče, prostor
jama	NOUN	DDDS|jama|NOUN|2	za objekt
jama	NOUN	DDDS|jama|NOUN|3	o rudnikih
jama	NOUN	DDDS|jama|NOUN|4	kar je umetno izkopano
jama	NOUN	DDDS|jama|NOUN|5	o grobu
jama	NOUN	DDDS|jama|NOUN|6	o naravnem prostoru
jama	NOUN	DDDS|jama|NOUN|7	zemeljska vdolbina
jama	NOUN	DDDS|jama|NOUN|8	o prostoru za zbiranje, pridobivanje
jezik	NOUN	DDDS|jezik|NOUN|1	sredstvo za sporazumevanje
jezik	NOUN	DDDS|jezik|NOUN|2	o nebesedni komunikaciji
jezik	NOUN	DDDS|jezik|NOUN|3	del čevlja
jezik	NOUN	DDDS|jezik|NOUN|4	jed
jezik	NOUN	DDDS|jezik|NOUN|5	v računalništvu
jezik	NOUN	DDDS|jezik|NOUN|6	o negativnih komentarjih
jezik	NOUN	DDDS|jezik|NOUN|7	o obliki
jezik	NOUN	DDDS|jezik|NOUN|8	del telesa
kartica	NOUN	DDDS|kartica|NOUN|1	ploščica s podatki
kartica	NOUN	DDDS|kartica|NOUN|2	dokument
kartica	NOUN	DDDS|kartica|NOUN|3	razglednica ali voščilnica
kartica	NOUN	DDDS|kartica|NOUN|4	ključ za avto
kartica	NOUN	DDDS|kartica|NOUN|5	gradivo za dejavnost
kartica	NOUN	DDDS|kartica|NOUN|6	promocijski material
kartica	NOUN	DDDS|kartica|NOUN|7	kartonček z besedilom
kartica	NOUN	DDDS|kartica|NOUN|8	sredstvo za plačevanje
kartica	NOUN	DDDS|kartica|NOUN|9	za naložitev denarja na mobitel
kisel	ADJ	DDDS|kisel|ADJ|1	o vsebnosti kisa
kisel	ADJ	DDDS|kisel|ADJ|2	o slabem vremenu
kisel	ADJ	DDDS|kisel|ADJ|3	o kemijski lastnosti
kisel	ADJ	DDDS|kisel|ADJ|4	o okusu
kisel	ADJ	DDDS|kisel|ADJ|5	o rezultatu fermentacije
kisel	ADJ	DDDS|kisel|ADJ|6	o vonju
kisel	ADJ	DDDS|kisel|ADJ|7	o slabem razpoloženju
kisel	ADJ	DDDS|kisel|ADJ|8	neprijeten
kodirati	VERB	DDDS|kodirati|VERB|1	zagotoviti tajnost
kodirati	VERB	DDDS|kodirati|VERB|2	o delovanju možganov
kodirati	VERB	DDDS|kodirati|VERB|3	izražati; odražati
kodirati	VERB	DDDS|kodirati|VERB|4	zapisati v obliki kode
kodirati	VERB	DDDS|kodirati|VERB|5	označiti s kodo
kodirati	VERB	DDDS|kodirati|VERB|6	o pretvarjanju podatkov
kodirati	VERB	DDDS|kodirati|VERB|7	v genetiki
kodirati	VERB	DDDS|kodirati|VERB|8	omejiti dostop
kost	NOUN	DDDS|kost|NOUN|1	o človeškem telesu
kost	NOUN	DDDS|kost|NOUN|2	o posmrtnih ostankih
kost	NOUN	DDDS|kost|NOUN|3	trd del nedrčka
kost	NOUN	DDDS|kost|NOUN|4	kot hrana
kost	NOUN	DDDS|kost|NOUN|5	o materialu
kost	NOUN	DDDS|kost|NOUN|6	suh človek
kost	NOUN	DDDS|kost|NOUN|7	kar vzbuja medijsko pozornost
kost	NOUN	DDDS|kost|NOUN|8	del ploda
kost	NOUN	DDDS|kost|NOUN|9	del telesa
koza	NOUN	DDDS|koza|NOUN|1	športni rekvizit
koza	NOUN	DDDS|koza|NOUN|2	bolezen
koza	NOUN	DDDS|koza|NOUN|3	kozolec
koza	NOUN	DDDS|koza|NOUN|4	stojalo za žaganje
koza	NOUN	DDDS|koza|NOUN|5	neumna ženska
koza	NOUN	DDDS|koza|NOUN|6	o horoskopu
koza	NOUN	DDDS|koza|NOUN|7	o igri
koza	NOUN	DDDS|koza|NOUN|8	žival
koza	NOUN	DDDS|koza|NOUN|9	stojalo
kraljica	NOUN	DDDS|kraljica|NOUN|1	pomembna panoga ali disciplina
kraljica	NOUN	DDDS|kraljica|NOUN|2	vladarka
kraljica	NOUN	DDDS|kraljica|NOUN|3	kraljeva žena
kraljica	NOUN	DDDS|kraljica|NOUN|4	zmagovalka tekmovanja
kraljica	NOUN	DDDS|kraljica|NOUN|5	šahovska figura
kraljica	NOUN	DDDS|kraljica|NOUN|6	samica
kraljica	NOUN	DDDS|kraljica|NOUN|7	najpomembnejša predstavnica
kraljica	NOUN	DDDS|kraljica|NOUN|8	igralna karta
kri	NOUN	DDDS|kri|NOUN|1	o bistvenem delu
kri	NOUN	DDDS|kri|NOUN|2	kar je podobno telesni tekočini
kri	NOUN	DDDS|kri|NOUN|3	telesna tekočina
kri	NOUN	DDDS|kri|NOUN|4	gorivo
kri	NOUN	DDDS|kri|NOUN|5	o osebi
kri	NOUN	DDDS|kri|NOUN|6	kar izraža čustvo
kri	NOUN	DDDS|kri|NOUN|7	o pobijanju
kri	NOUN	DDDS|kri|NOUN|8	o lastnosti
kri	NOUN	DDDS|kri|NOUN|9	o čustvenem odzivu
kri	NOUN	DDDS|kri|NOUN|10	o pripadnosti
lahek	ADJ	DDDS|lahek|ADJ|1	ki ne zahteva veliko napora, spretnosti
lahek	ADJ	DDDS|lahek|ADJ|2	nezahteven, enostaven; brez težav
lahek	ADJ	DDDS|lahek|ADJ|3	ki pogosto menja partnerje
lahek	ADJ	DDDS|lahek|ADJ|4	o počutju; neobremenjenosti
lahek	ADJ	DDDS|lahek|ADJ|5	o snoveh in surovinah
lahek	ADJ	DDDS|lahek|ADJ|6	zmeren; neintenziven
lahek	ADJ	DDDS|lahek|ADJ|7	o oblačilih in tkaninah
lahek	ADJ	DDDS|lahek|ADJ|8	miselno nezahteven; preprost
lahek	ADJ	DDDS|lahek|ADJ|9	o teži
lahko	ADV	DDDS|lahko|ADV|1	o možnosti uresničitve
lahko	ADV	DDDS|lahko|ADV|2	o dovoljenju
lahko	ADV	DDDS|lahko|ADV|3	o govoru, mnenju
lahko	ADV	DDDS|lahko|ADV|4	imeti možnost
lahko	ADV	DDDS|lahko|ADV|5	enostavno; brez težav
lahko	ADV	DDDS|lahko|ADV|6	o obstoju možnosti
lahko	ADV	DDDS|lahko|ADV|7	brez hudih posledic
lahko	ADV	DDDS|lahko|ADV|8	o zmožnosti, sposobnosti
lestvica	NOUN	DDDS|lestvica|NOUN|1	manjša lestev
lestvica	NOUN	DDDS|lestvica|NOUN|2	o razporeditvi najboljših
lestvica	NOUN	DDDS|lestvica|NOUN|3	o zaporedju
lestvica	NOUN	DDDS|lestvica|NOUN|4	o hierarhiji
lestvica	NOUN	DDDS|lestvica|NOUN|5	seznam, nabor
lestvica	NOUN	DDDS|lestvica|NOUN|6	o pomembnosti
lestvica	NOUN	DDDS|lestvica|NOUN|7	razvrstitev po stopnjah, enotah, vrednosti
lestvica	NOUN	DDDS|lestvica|NOUN|8	za merjenje, izračunavanje
lestvica	NOUN	DDDS|lestvica|NOUN|9	v glasbi
leto	NOUN	DDDS|leto|NOUN|1	dolgo omejeno trajanje
leto	NOUN	DDDS|leto|NOUN|2	letnik
leto	NOUN	DDDS|leto|NOUN|3	o konkretnem obdobju
leto	NOUN	DDDS|leto|NOUN|4	o dvanajstih mesecih
leto	NOUN	DDDS|leto|NOUN|5	o starosti
leto	NOUN	DDDS|leto|NOUN|6	o omejenem življenjskem obdobju
leto	NOUN	DDDS|leto|NOUN|7	časovna enota
leto	NOUN	DDDS|leto|NOUN|8	trajanje desetih let
lovec	NOUN	DDDS|lovec|NOUN|1	kdor lovi živali
lovec	NOUN	DDDS|lovec|NOUN|2	kdor lovi ljudi
lovec	NOUN	DDDS|lovec|NOUN|3	o snovi
lovec	NOUN	DDDS|lovec|NOUN|4	šahovska figura
lovec	NOUN	DDDS|lovec|NOUN|5	vojak
lovec	NOUN	DDDS|lovec|NOUN|6	žival, ki lovi
lovec	NOUN	DDDS|lovec|NOUN|7	letalo
lovec	NOUN	DDDS|lovec|NOUN|8	kdor želi dobiti ali doseči kaj
material	NOUN	DDDS|material|NOUN|1	o lastnosti ali sposobnosti osebe
material	NOUN	DDDS|material|NOUN|2	vrsta stroškov
material	NOUN	DDDS|material|NOUN|3	naravne snovi
material	NOUN	DDDS|material|NOUN|4	snov
material	NOUN	DDDS|material|NOUN|5	gradivo za umetniško ustvarjanje
material	NOUN	DDDS|material|NOUN|6	dokumenti
material	NOUN	DDDS|material|NOUN|7	o tkanini
material	NOUN	DDDS|material|NOUN|8	snov pri določeni aktivnosti
most	NOUN	DDDS|most|NOUN|1	objekt
most	NOUN	DDDS|most|NOUN|2	kar je podobno mostu
most	NOUN	DDDS|most|NOUN|3	o zobnem implantatu
most	NOUN	DDDS|most|NOUN|4	povezava
most	NOUN	DDDS|most|NOUN|5	del ladje
most	NOUN	DDDS|most|NOUN|6	del skakalnice
most	NOUN	DDDS|most|NOUN|7	o sodelovanju
most	NOUN	DDDS|most|NOUN|8	upognjeno telo
most	NOUN	DDDS|most|NOUN|9	element
mrtev	ADJ	DDDS|mrtev|ADJ|1	o nedelovanju
mrtev	ADJ	DDDS|mrtev|ADJ|2	odmrl
mrtev	ADJ	DDDS|mrtev|ADJ|3	o praznini, pustosti
mrtev	ADJ	DDDS|mrtev|ADJ|4	ki ne izraža čustev
mrtev	ADJ	DDDS|mrtev|ADJ|5	apatičen
mrtev	ADJ	DDDS|mrtev|ADJ|6	ki ne prinaša dobička
mrtev	ADJ	DDDS|mrtev|ADJ|7	ki se ne uporablja
mrtev	ADJ	DDDS|mrtev|ADJ|8	brez dejavnosti
mrtev	ADJ	DDDS|mrtev|ADJ|9	o smrti
mrtev	ADJ	DDDS|mrtev|ADJ|10	o hrani in pijači
mrtev	ADJ	DDDS|mrtev|ADJ|11	kjer ni živih bitij
mrtev	ADJ	DDDS|mrtev|ADJ|12	o odrevenelosti telesa
mrtev	ADJ	DDDS|mrtev|ADJ|13	neizkoriščen, prazen
mrtev	ADJ	DDDS|mrtev|ADJ|14	nezmožen čustvovanja
mrtev	ADJ	DDDS|mrtev|ADJ|15	brez prihodnosti
mrtev	ADJ	DDDS|mrtev|ADJ|16	tog, rigiden
mrtev	ADJ	DDDS|mrtev|ADJ|17	o barvi
napaka	NOUN	DDDS|napaka|NOUN|1	o nedelovanju
napaka	NOUN	DDDS|napaka|NOUN|2	o izdelku
napaka	NOUN	DDDS|napaka|NOUN|3	nenatančnost
napaka	NOUN	DDDS|napaka|NOUN|4	ki krši pravila
napaka	NOUN	DDDS|napaka|NOUN|5	o neskladju z resničnostjo
napaka	NOUN	DDDS|napaka|NOUN|6	o telesu
napaka	NOUN	DDDS|napaka|NOUN|7	o karakterju
napaka	NOUN	DDDS|napaka|NOUN|8	o odstopanju pri meritvi
napaka	NOUN	DDDS|napaka|NOUN|9	ki ne ustreza normi
napaka	NOUN	DDDS|napaka|NOUN|10	o dejanju
napet	ADJ	DDDS|napet|ADJ|1	živčen
napet	ADJ	DDDS|napet|ADJ|2	zakrčen
napet	ADJ	DDDS|napet|ADJ|3	o privlačnem telesnem videzu
napet	ADJ	DDDS|napet|ADJ|4	o uporabi orožja
napet	ADJ	DDDS|napet|ADJ|5	povečan; poln
napet	ADJ	DDDS|napet|ADJ|6	pri telesni aktivnosti
napet	ADJ	DDDS|napet|ADJ|7	do skrajnosti raztegnjen
napet	ADJ	DDDS|napet|ADJ|8	o visoki intenzivnosti
napet	ADJ	DDDS|napet|ADJ|9	o vznemirljivem dogodku ali situaciji
napet	ADJ	DDDS|napet|ADJ|10	o veliki pozornosti
napet	ADJ	DDDS|napet|ADJ|11	o aktiviranosti
napetost	NOUN	DDDS|napetost|NOUN|1	o električnem toku
napetost	NOUN	DDDS|napetost|NOUN|2	zakrčenost; zategovanje
napetost	NOUN	DDDS|napetost|NOUN|3	o fizičnih pritiskih
napetost	NOUN	DDDS|napetost|NOUN|4	o odnosih
napetost	NOUN	DDDS|napetost|NOUN|5	napihnjenost
napetost	NOUN	DDDS|napetost|NOUN|6	o zdravem in mladostnem telesu
napetost	NOUN	DDDS|napetost|NOUN|7	pri telesni aktivnosti
napetost	NOUN	DDDS|napetost|NOUN|8	o visoki intenzivnosti
napetost	NOUN	DDDS|napetost|NOUN|9	o vznemirljivem dogodku ali situaciji
napovedati	VERB	DDDS|napovedati|VERB|1	najaviti dejanje
napovedati	VERB	DDDS|napovedati|VERB|2	naznaniti prihod ali nastop
napovedati	VERB	DDDS|napovedati|VERB|3	ugibati; predvideti
napovedati	VERB	DDDS|napovedati|VERB|4	o posledici dejanja ali pojava
napovedati	VERB	DDDS|napovedati|VERB|5	o potezi
napovedati	VERB	DDDS|napovedati|VERB|6	o prerokovanju
napovedati	VERB	DDDS|napovedati|VERB|7	sporočiti; povedati
napovedati	VERB	DDDS|napovedati|VERB|8	o vojni
nebo	NOUN	DDDS|nebo|NOUN|1	o orientaciji
nebo	NOUN	DDDS|nebo|NOUN|2	o visoki stopnji
nebo	NOUN	DDDS|nebo|NOUN|3	zelo visoko
nebo	NOUN	DDDS|nebo|NOUN|4	nebesa
nebo	NOUN	DDDS|nebo|NOUN|5	o družbenem dogajanju; scena
nebo	NOUN	DDDS|nebo|NOUN|6	o ugodju in sreči
nebo	NOUN	DDDS|nebo|NOUN|7	o stanju posameznika ali družbe
nebo	NOUN	DDDS|nebo|NOUN|8	v ustni votlini
nebo	NOUN	DDDS|nebo|NOUN|9	prostor nad tlemi
nebo	NOUN	DDDS|nebo|NOUN|10	o obzorju
neposredno	ADV	DDDS|neposredno|ADV|1	o pristni in jasni komunikciji
neposredno	ADV	DDDS|neposredno|ADV|2	brez posrednika ali vmesnega člena
neposredno	ADV	DDDS|neposredno|ADV|3	časovno blizu
neposredno	ADV	DDDS|neposredno|ADV|4	prostorsko zraven
neposredno	ADV	DDDS|neposredno|ADV|5	o predvajanju oddaje ali prireditve
neposredno	ADV	DDDS|neposredno|ADV|6	o volilnem sistemu
neposredno	ADV	DDDS|neposredno|ADV|7	o eksplicitni omembi ali navedbi
neposredno	ADV	DDDS|neposredno|ADV|8	o skupnem trgu ali področju
neposredno	ADV	DDDS|neposredno|ADV|9	brez dodatnih nastopov
nosilec	NOUN	DDDS|nosilec|NOUN|1	kdor kaj nosi
nosilec	NOUN	DDDS|nosilec|NOUN|2	imetnik
nosilec	NOUN	DDDS|nosilec|NOUN|3	o funkciji
nosilec	NOUN	DDDS|nosilec|NOUN|4	o podatkih
nosilec	NOUN	DDDS|nosilec|NOUN|5	o napravi
nosilec	NOUN	DDDS|nosilec|NOUN|6	ključni akter, dejavnik
nosilec	NOUN	DDDS|nosilec|NOUN|7	o najboljšem igralcu ali moštvu
nosilec	NOUN	DDDS|nosilec|NOUN|8	o lastnosti
oblika	NOUN	DDDS|oblika|NOUN|1	o načinu delovanja
oblika	NOUN	DDDS|oblika|NOUN|2	o enačbi ali funkciji
oblika	NOUN	DDDS|oblika|NOUN|3	o živih bitjih
oblika	NOUN	DDDS|oblika|NOUN|4	o bolezni
oblika	NOUN	DDDS|oblika|NOUN|5	verzija nečesa
oblika	NOUN	DDDS|oblika|NOUN|6	kar predstavlja nekaj
oblika	NOUN	DDDS|oblika|NOUN|7	format
oblika	NOUN	DDDS|oblika|NOUN|8	o videzu česa
oblika	NOUN	DDDS|oblika|NOUN|9	o liku
oblika	NOUN	DDDS|oblika|NOUN|10	o stanju snovi
odpovedati	VERB	DDDS|odpovedati|VERB|1	preklicati dogovorjeno
odpovedati	VERB	DDDS|odpovedati|VERB|2	ne nuditi več
odpovedati	VERB	DDDS|odpovedati|VERB|3	opustiti navado ali negativno dejavnost
odpovedati	VERB	DDDS|odpovedati|VERB|4	o stikih z osebo
odpovedati	VERB	DDDS|odpovedati|VERB|5	prenehati delovati
odpovedati	VERB	DDDS|odpovedati|VERB|6	odstopiti od pogodbe
odpovedati	VERB	DDDS|odpovedati|VERB|7	odstopiti od pravice ali želje
odpovedati	VERB	DDDS|odpovedati|VERB|8	ne delovati kot pričakovano
odrezati	VERB	DDDS|odrezati|VERB|1	zagotoviti si
odrezati	VERB	DDDS|odrezati|VERB|2	o igralcih
odrezati	VERB	DDDS|odrezati|VERB|3	izpustiti; ne predvajati
odrezati	VERB	DDDS|odrezati|VERB|4	o oblikovanju
odrezati	VERB	DDDS|odrezati|VERB|5	del rastline
odrezati	VERB	DDDS|odrezati|VERB|6	del predmeta, materiala
odrezati	VERB	DDDS|odrezati|VERB|7	o vojski
odrezati	VERB	DDDS|odrezati|VERB|8	o nesreči
odrezati	VERB	DDDS|odrezati|VERB|9	odstaviti s funkcije
odrezati	VERB	DDDS|odrezati|VERB|10	doseči rezultat
odrezati	VERB	DDDS|odrezati|VERB|11	ustvariti dobiček
odrezati	VERB	DDDS|odrezati|VERB|12	biti uspešen
odrezati	VERB	DDDS|odrezati|VERB|13	odločno povedati
odstopiti	VERB	DDDS|odstopiti|VERB|1	odstaviti; prisiliti v odstop
odstopiti	VERB	DDDS|odstopiti|VERB|2	o različnosti
odstopiti	VERB	DDDS|odstopiti|VERB|3	prepustiti v uporabo
odstopiti	VERB	DDDS|odstopiti|VERB|4	stopiti nazaj
odstopiti	VERB	DDDS|odstopiti|VERB|5	opustiti; odreči se
odstopiti	VERB	DDDS|odstopiti|VERB|6	zapustiti položaj
odstopiti	VERB	DDDS|odstopiti|VERB|7	odlepiti se od podlage
odstopiti	VERB	DDDS|odstopiti|VERB|8	na tekmovanju
odstopiti	VERB	DDDS|odstopiti|VERB|9	predati v ukrepanje
okrepiti	VERB	DDDS|okrepiti|VERB|1	povečati aktivnost
okrepiti	VERB	DDDS|okrepiti|VERB|2	o naravnih pojavih
okrepiti	VERB	DDDS|okrepiti|VERB|3	zvišati finančno vrednost
okrepiti	VERB	DDDS|okrepiti|VERB|4	izboljšati stabilnost; ojačati
okrepiti	VERB	DDDS|okrepiti|VERB|5	o izboljšanju stanja ali lastnosti
okrepiti	VERB	DDDS|okrepiti|VERB|6	izboljšati delovanje telesa
okrepiti	VERB	DDDS|okrepiti|VERB|7	o čustvih in odnosih
okrepiti	VERB	DDDS|okrepiti|VERB|8	povečati intenzivnost
okrepiti	VERB	DDDS|okrepiti|VERB|9	o izboljšanju osebja
oster	ADJ	DDDS|oster|ADJ|1	jasno določen
oster	ADJ	DDDS|oster|ADJ|2	o močni intenzivnosti
oster	ADJ	DDDS|oster|ADJ|3	o bolečini
oster	ADJ	DDDS|oster|ADJ|4	o neprizanesljivosti
oster	ADJ	DDDS|oster|ADJ|5	o obliki
oster	ADJ	DDDS|oster|ADJ|6	o jasnosti slike
oster	ADJ	DDDS|oster|ADJ|7	o okusu ali vonju
oster	ADJ	DDDS|oster|ADJ|8	o rezilu, predmetu; špičast
osvojitev	NOUN	DDDS|osvojitev|NOUN|1	o pridobivanju znanja, veščin
osvojitev	NOUN	DDDS|osvojitev|NOUN|2	zavzetje teritorija
osvojitev	NOUN	DDDS|osvojitev|NOUN|3	o vzbujanju zanimanja
osvojitev	NOUN	DDDS|osvojitev|NOUN|4	prevzem funkcije
osvojitev	NOUN	DDDS|osvojitev|NOUN|5	o dosegu cilja, pridobitvi
osvojitev	NOUN	DDDS|osvojitev|NOUN|6	sprejetje
osvojitev	NOUN	DDDS|osvojitev|NOUN|7	o neznanem ali težko dostopnem kraju
osvojitev	NOUN	DDDS|osvojitev|NOUN|8	pri šahu
osvojiti	VERB	DDDS|osvojiti|VERB|1	o pridobivanju znanja, veščin
osvojiti	VERB	DDDS|osvojiti|VERB|2	zavzeti teritorij
osvojiti	VERB	DDDS|osvojiti|VERB|3	pridobiti ljubezensko naklonjenost
osvojiti	VERB	DDDS|osvojiti|VERB|4	prevzeti funkcijo
osvojiti	VERB	DDDS|osvojiti|VERB|5	o neznanem ali težko dostopnem kraju
osvojiti	VERB	DDDS|osvojiti|VERB|6	doseči, dobiti
osvojiti	VERB	DDDS|osvojiti|VERB|7	vzbuditi zanimanje
osvojiti	VERB	DDDS|osvojiti|VERB|8	sprejeti
osvojiti	VERB	DDDS|osvojiti|VERB|9	pri šahu
peti	VERB	DDDS|peti|VERB|1	govoriti
peti	VERB	DDDS|peti|VERB|2	pripovedovati v pesmi
peti	VERB	DDDS|peti|VERB|3	oblikovati melodijo z glasom
peti	VERB	DDDS|peti|VERB|4	pesniti
peti	VERB	DDDS|peti|VERB|5	o uporabi
peti	VERB	DDDS|peti|VERB|6	o vzbujanju pozornosti
peti	VERB	DDDS|peti|VERB|7	izvajati pesem
peti	VERB	DDDS|peti|VERB|8	oddajati zvoke
peti	VERB	DDDS|peti|VERB|9	o oglašanju živali
peti	ADJ	DDDS|peti|ADJ|1	o zaporednem mestu
peti	ADJ	DDDS|peti|ADJ|2	o mestu uvrstitve
peti	ADJ	DDDS|peti|ADJ|3	o uri v dnevu
platforma	NOUN	DDDS|platforma|NOUN|1	o čevljih
platforma	NOUN	DDDS|platforma|NOUN|2	ravna površina, navadno dvignjena
platforma	NOUN	DDDS|platforma|NOUN|3	o izmenjavi idej, informacij ali mnenj
platforma	NOUN	DDDS|platforma|NOUN|4	aplikacija ali spletna stran
platforma	NOUN	DDDS|platforma|NOUN|5	o povezovanju podjetij ali dejavnosti
platforma	NOUN	DDDS|platforma|NOUN|6	program politične stranke ali druge skupine
platforma	NOUN	DDDS|platforma|NOUN|7	o strojni ali programski opremi
platforma	NOUN	DDDS|platforma|NOUN|8	osnovni model
platforma	NOUN	DDDS|platforma|NOUN|9	objekt ali naprava
plavati	VERB	DDDS|plavati|VERB|1	o prisotnosti
plavati	VERB	DDDS|plavati|VERB|2	o tekmovalni disciplini
plavati	VERB	DDDS|plavati|VERB|3	o veliki količini
plavati	VERB	DDDS|plavati|VERB|4	uspešno delovati
plavati	VERB	DDDS|plavati|VERB|5	premikati se po vodi
plavati	VERB	DDDS|plavati|VERB|6	biti prekrit s tekočino
plavati	VERB	DDDS|plavati|VERB|7	o zanašanju vozila
plavati	VERB	DDDS|plavati|VERB|8	biti na gladini
plavati	VERB	DDDS|plavati|VERB|9	premikati se po zraku
plašč	NOUN	DDDS|plašč|NOUN|1	ploskev
plašč	NOUN	DDDS|plašč|NOUN|2	plast v notranjosti planeta
plašč	NOUN	DDDS|plašč|NOUN|3	pri mehkužcih
plašč	NOUN	DDDS|plašč|NOUN|4	prekrivna plast
plašč	NOUN	DDDS|plašč|NOUN|5	o krinki
plašč	NOUN	DDDS|plašč|NOUN|6	pri kolesu
plašč	NOUN	DDDS|plašč|NOUN|7	o zavetju
plašč	NOUN	DDDS|plašč|NOUN|8	oblačilo
podaljšek	NOUN	DDDS|podaljšek|NOUN|1	o imenu datotek
podaljšek	NOUN	DDDS|podaljšek|NOUN|2	o dodatnem času
podaljšek	NOUN	DDDS|podaljšek|NOUN|3	o fizičnem stiku
podaljšek	NOUN	DDDS|podaljšek|NOUN|4	o dograditvi objektov
podaljšek	NOUN	DDDS|podaljšek|NOUN|5	o izvajanju podobnih dejavnosti
podaljšek	NOUN	DDDS|podaljšek|NOUN|6	o geografski povezanosti
podaljšek	NOUN	DDDS|podaljšek|NOUN|7	kar vsebinsko ali funkcijsko dopolnjuje
podaljšek	NOUN	DDDS|podaljšek|NOUN|8	o trajanju tekme
podaljšek	NOUN	DDDS|podaljšek|NOUN|9	o laseh, trepalnicah ali nohtih
podaljšek	NOUN	DDDS|podaljšek|NOUN|10	podolgovat pripomoček
podaljšek	NOUN	DDDS|podaljšek|NOUN|11	o dodatni površini ali dolžini
podpirati	VERB	DDDS|podpirati|VERB|1	dajati legitimnost ali veljavo
podpirati	VERB	DDDS|podpirati|VERB|2	nuditi pomoč
podpirati	VERB	DDDS|podpirati|VERB|3	o gradbenih elementih
podpirati	VERB	DDDS|podpirati|VERB|4	navijati za koga
podpirati	VERB	DDDS|podpirati|VERB|5	krepiti kvaliteto
podpirati	VERB	DDDS|podpirati|VERB|6	o delovanju naprave
podpirati	VERB	DDDS|podpirati|VERB|7	držati kaj
podpirati	VERB	DDDS|podpirati|VERB|8	zagovarjati; zavzemati se za kaj
pogoltniti	VERB	DDDS|pogoltniti|VERB|1	prebrati hitro in z velikim zanimanjem
pogoltniti	VERB	DDDS|pogoltniti|VERB|2	zaužiti
pogoltniti	VERB	DDDS|pogoltniti|VERB|3	povleči pod gladino ali s površja
pogoltniti	VERB	DDDS|pogoltniti|VERB|4	potegniti v notranjost naprave
pogoltniti	VERB	DDDS|pogoltniti|VERB|5	o porabi sredstev ali virov
pogoltniti	VERB	DDDS|pogoltniti|VERB|6	o močnem vplivu česa; prevzeti
pogoltniti	VERB	DDDS|pogoltniti|VERB|7	o uničujočih posledicah katastrofe
pogoltniti	VERB	DDDS|pogoltniti|VERB|8	sprejeti nekaj negativnega
pogoltniti	VERB	DDDS|pogoltniti|VERB|9	ne izraziti občutja ali mnenja
pogoltniti	VERB	DDDS|pogoltniti|VERB|10	o intenzivnem ukvarjanju s čim; preobremeniti
pogoltniti	VERB	DDDS|pogoltniti|VERB|11	o kapaciteti ali zmogljivosti
pogoltniti	VERB	DDDS|pogoltniti|VERB|12	povzročiti, da česa ni več
postaja	NOUN	DDDS|postaja|NOUN|1	elektronska naprava
postaja	NOUN	DDDS|postaja|NOUN|2	raziskovalna ustanova
postaja	NOUN	DDDS|postaja|NOUN|3	o radiu in televiziji
postaja	NOUN	DDDS|postaja|NOUN|4	objekt v vesolju
postaja	NOUN	DDDS|postaja|NOUN|5	v računalništvu
postaja	NOUN	DDDS|postaja|NOUN|6	objekt za potnike
postaja	NOUN	DDDS|postaja|NOUN|7	postajališče na progi
postaja	NOUN	DDDS|postaja|NOUN|8	točka v življenju
prevoziti	VERB	DDDS|prevoziti|VERB|1	prepotovati
prevoziti	VERB	DDDS|prevoziti|VERB|2	prečkati
prevoziti	VERB	DDDS|prevoziti|VERB|3	o prekršku
prevoziti	VERB	DDDS|prevoziti|VERB|4	povoziti; zapeljati čez
prevoziti	VERB	DDDS|prevoziti|VERB|5	opraviti vožnjo
prevoziti	VERB	DDDS|prevoziti|VERB|6	o pogosti oz. ponavljajoči vožnji
prevoziti	VERB	DDDS|prevoziti|VERB|7	o izvajanju vožnje
prevoziti	VERB	DDDS|prevoziti|VERB|8	prepeljati
priplezati	VERB	DDDS|priplezati|VERB|1	o naraščanju vrednosti
priplezati	VERB	DDDS|priplezati|VERB|2	o postopnem dosegu česa
priplezati	VERB	DDDS|priplezati|VERB|3	s težavo se premikati
priplezati	VERB	DDDS|priplezati|VERB|4	premikati se navzgor
priplezati	VERB	DDDS|priplezati|VERB|5	doseči na tekmovanju
priplezati	VERB	DDDS|priplezati|VERB|6	o napredovanju
priplezati	VERB	DDDS|priplezati|VERB|7	rešiti se težav
priplezati	VERB	DDDS|priplezati|VERB|8	o plezanju v gorah
pristati	VERB	DDDS|pristati|VERB|1	končati let
pristati	VERB	DDDS|pristati|VERB|2	pasti; prileteti
pristati	VERB	DDDS|pristati|VERB|3	znajti se; končati
pristati	VERB	DDDS|pristati|VERB|4	o vodnih plovilih
pristati	VERB	DDDS|pristati|VERB|5	privoliti
pristati	VERB	DDDS|pristati|VERB|6	strinjati se
pristati	VERB	DDDS|pristati|VERB|7	o rezultatu
pristati	VERB	DDDS|pristati|VERB|8	spustiti se na tla
pristati	VERB	DDDS|pristati|VERB|9	o vrednosti
rep	NOUN	DDDS|rep|NOUN|1	frizura
rep	NOUN	DDDS|rep|NOUN|2	o številu živine
rep	NOUN	DDDS|rep|NOUN|3	dolga vrsta
rep	NOUN	DDDS|rep|NOUN|4	zadnji del česa
rep	NOUN	DDDS|rep|NOUN|5	del živalskega telesa
rep	NOUN	DDDS|rep|NOUN|6	o položaju na lestvici
rep	NOUN	DDDS|rep|NOUN|7	del letala
rep	NOUN	DDDS|rep|NOUN|8	o kometu
sam	ADJ	DDDS|sam|ADJ|1	brez zunanjega vpliva
sam	ADJ	DDDS|sam|ADJ|2	o osebi
sam	ADJ	DDDS|sam|ADJ|3	brez pomoči ali sodelovanja drugih
sam	ADJ	DDDS|sam|ADJ|4	o odsotnosti omejitve
sam	ADJ	DDDS|sam|ADJ|5	o poudarjanju bistva povedanega
sam	ADJ	DDDS|sam|ADJ|6	o poudarjanju odnosa do osebka
sam	ADJ	DDDS|sam|ADJ|7	o poudarjanju izvajalca ali uporabnika
sam	ADJ	DDDS|sam|ADJ|8	o popolni omejitvi na navedeno
sam	ADJ	DDDS|sam|ADJ|9	ki nima drugih ljudi
sistem	NOUN	DDDS|sistem|NOUN|1	o celoti povezanih pojmov
sistem	NOUN	DDDS|sistem|NOUN|2	skupina nebesnih teles
sistem	NOUN	DDDS|sistem|NOUN|3	o načrtni povezanosti za optimalno funkcioniranje
sistem	NOUN	DDDS|sistem|NOUN|4	omrežje
sistem	NOUN	DDDS|sistem|NOUN|5	program za upravljanje računalnika
sistem	NOUN	DDDS|sistem|NOUN|6	o povezanosti organov
sistem	NOUN	DDDS|sistem|NOUN|7	o povezanosti enot po naravnih zakonitostih
sistem	NOUN	DDDS|sistem|NOUN|8	družbena ureditev
sistem	NOUN	DDDS|sistem|NOUN|9	o naravnih enotah
sistem	NOUN	DDDS|sistem|NOUN|10	o urejenosti po določenem principu
star	ADJ	DDDS|star|ADJ|1	o prvotnem stanju
star	ADJ	DDDS|star|ADJ|2	ki je obstajal pred novim
star	ADJ	DDDS|star|ADJ|3	o davni preteklosti
star	ADJ	DDDS|star|ADJ|4	glede na nastanek
star	ADJ	DDDS|star|ADJ|5	del imena
star	ADJ	DDDS|star|ADJ|6	o življenjski dobi ali starosti
star	ADJ	DDDS|star|ADJ|7	ki je že od prej poznan
star	ADJ	DDDS|star|ADJ|8	o zadnjem obdobju življenja
stran	ADV	DDDS|stran|ADV|1	o odstranitvi
stran	ADV	DDDS|stran|ADV|2	o odmiku na drugo mesto
stran	ADV	DDDS|stran|ADV|3	o oddaljenem položaju
stran	NOUN	DDDS|stran|NOUN|1	o izvajalcu dejanja
stran	NOUN	DDDS|stran|NOUN|2	o robu predmeta ali telesa
stran	NOUN	DDDS|stran|NOUN|3	o izražanju strinjanja s čim
stran	NOUN	DDDS|stran|NOUN|4	skupina z nasprotnim ciljem
stran	NOUN	DDDS|stran|NOUN|5	vsaka od površin predmeta ali telesa
stran	NOUN	DDDS|stran|NOUN|6	dostopna površina predmeta ali telesa
stran	NOUN	DDDS|stran|NOUN|7	o papirju
stran	NOUN	DDDS|stran|NOUN|8	del česa glede na lego
stran	NOUN	DDDS|stran|NOUN|9	na spletu
stran	NOUN	DDDS|stran|NOUN|10	razdeljen del predmeta ali prostora
svet	ADJ	DDDS|svet|ADJ|1	ki je vreden čaščenja
svet	ADJ	DDDS|svet|ADJ|2	v krščanstvu
svet	ADJ	DDDS|svet|ADJ|3	o veliki stopnji
svet	NOUN	DDDS|svet|NOUN|1	živa in neživa bitja
svet	NOUN	DDDS|svet|NOUN|2	o razdeljenosti zemlje
svet	NOUN	DDDS|svet|NOUN|3	sistem nebesnih teles
svet	NOUN	DDDS|svet|NOUN|4	o življenjskem prostoru ljudi
svet	NOUN	DDDS|svet|NOUN|5	o skupnosti določene družbene ureditve
svet	NOUN	DDDS|svet|NOUN|6	zemlja
svet	NOUN	DDDS|svet|NOUN|7	upravni organ
svet	NOUN	DDDS|svet|NOUN|8	vesolje
svetel	ADJ	DDDS|svetel|ADJ|1	o čem ugodnem ali prijetnem
svetel	ADJ	DDDS|svetel|ADJ|2	ki je vrednoten pozitivno
svetel	ADJ	DDDS|svetel|ADJ|3	o barvnem odtenku
svetel	ADJ	DDDS|svetel|ADJ|4	ki oddaja močno svetlobo
svetel	ADJ	DDDS|svetel|ADJ|5	o barvi polti
svetel	ADJ	DDDS|svetel|ADJ|6	z veliko svetlobe, zlasti sončne
svetel	ADJ	DDDS|svetel|ADJ|7	o zvoku; glasu
svetel	ADJ	DDDS|svetel|ADJ|8	ki vzbuja pozitivna čustva
točka	NOUN	DDDS|točka|NOUN|1	funkcijsko mesto
točka	NOUN	DDDS|točka|NOUN|2	del dnevnega reda
točka	NOUN	DDDS|točka|NOUN|3	mesto dogajanja ali izvajanja dejavnosti
točka	NOUN	DDDS|točka|NOUN|4	o lastnosti območja
točka	NOUN	DDDS|točka|NOUN|5	dejstvo
točka	NOUN	DDDS|točka|NOUN|6	v geometriji
točka	NOUN	DDDS|točka|NOUN|7	o vrednotenju dosežka
točka	NOUN	DDDS|točka|NOUN|8	o poteku dogajanja
tuj	ADJ	DDDS|tuj|ADJ|1	o drugi državi
tuj	ADJ	DDDS|tuj|ADJ|2	po lastnostih nesoroden
tuj	ADJ	DDDS|tuj|ADJ|3	o nezmožnosti razumevanja
tuj	ADJ	DDDS|tuj|ADJ|4	eksotičen; nenavaden
tuj	ADJ	DDDS|tuj|ADJ|5	o tujku v telesu
tuj	ADJ	DDDS|tuj|ADJ|6	o drugem jeziku
tuj	ADJ	DDDS|tuj|ADJ|7	neznan
tuj	ADJ	DDDS|tuj|ADJ|8	o izvoru rastlin ali živali
tuj	ADJ	DDDS|tuj|ADJ|9	izven državnih meja
tuj	ADJ	DDDS|tuj|ADJ|10	ki ni v sorodstvu
tuj	ADJ	DDDS|tuj|ADJ|11	ki je last drugega
ubiti	VERB	DDDS|ubiti|VERB|1	povzročiti smrt
ubiti	VERB	DDDS|ubiti|VERB|2	o hitrejšem minevanju časa
ubiti	VERB	DDDS|ubiti|VERB|3	navdušiti
ubiti	VERB	DDDS|ubiti|VERB|4	uničiti ali prekiniti aktivnost
ubiti	VERB	DDDS|ubiti|VERB|5	o zmanjšanju intenzivnosti
ubiti	VERB	DDDS|ubiti|VERB|6	odvzeti občutek
ubiti	VERB	DDDS|ubiti|VERB|7	o jajcih
ubiti	VERB	DDDS|ubiti|VERB|8	napiti se alkohola
ubiti	VERB	DDDS|ubiti|VERB|9	fizično ali psihično izčrpati
ubiti	VERB	DDDS|ubiti|VERB|10	kaznovati
ura	NOUN	DDDS|ura|NOUN|1	v šoli
ura	NOUN	DDDS|ura|NOUN|2	o točnem času
ura	NOUN	DDDS|ura|NOUN|3	o izvajanju dejavnosti
ura	NOUN	DDDS|ura|NOUN|4	o delu dneva
ura	NOUN	DDDS|ura|NOUN|5	o času, razdeljenem na 24 ur
ura	NOUN	DDDS|ura|NOUN|6	merska enota; o časovnem obdobju
ura	NOUN	DDDS|ura|NOUN|7	merilna naprava
ura	NOUN	DDDS|ura|NOUN|8	o časovnem obdobju
ura	NOUN	DDDS|ura|NOUN|9	o delovniku
velik	ADJ	DDDS|velik|ADJ|1	o številu enot
velik	ADJ	DDDS|velik|ADJ|2	o nemerljivi količini
velik	ADJ	DDDS|velik|ADJ|3	o merljivi količini
velik	ADJ	DDDS|velik|ADJ|4	o razsežnosti
velik	ADJ	DDDS|velik|ADJ|5	pomemben
velik	ADJ	DDDS|velik|ADJ|6	o intenzivnosti
velik	ADJ	DDDS|velik|ADJ|7	visok
velik	ADJ	DDDS|velik|ADJ|8	o vrednosti dimenzije
velik	ADJ	DDDS|velik|ADJ|9	o razsežnosti delovanja
visok	ADJ	DDDS|visok|ADJ|1	o vrednosti česa
visok	ADJ	DDDS|visok|ADJ|2	o bogatejšem družbenem sloju
visok	ADJ	DDDS|visok|ADJ|3	o veliki nadmorski višini
visok	ADJ	DDDS|visok|ADJ|4	o položaju
visok	ADJ	DDDS|visok|ADJ|5	o pomembnejšem položaju
visok	ADJ	DDDS|visok|ADJ|6	o vrednosti glede na razpon
visok	ADJ	DDDS|visok|ADJ|7	o hierarhični lestvici
visok	ADJ	DDDS|visok|ADJ|8	o veliki oddaljenosti od površine
visok	ADJ	DDDS|visok|ADJ|9	o stopnji razvoja
visok	ADJ	DDDS|visok|ADJ|10	o vrednosti dimenzije
vložiti	VERB	DDDS|vložiti|VERB|1	investirati denar
vložiti	VERB	DDDS|vložiti|VERB|2	prispevati svoj čas in energijo
vložiti	VERB	DDDS|vložiti|VERB|3	dati v notranjost
vložiti	VERB	DDDS|vložiti|VERB|4	o uradnem postopku
vložiti	VERB	DDDS|vložiti|VERB|5	za povečanje dobička
vložiti	VERB	DDDS|vložiti|VERB|6	konzervirati hrano
vložiti	VERB	DDDS|vložiti|VERB|7	o živalski populaciji
vložiti	VERB	DDDS|vložiti|VERB|8	vključiti; dodati
vrata	NOUN	DDDS|vrata|NOUN|1	pri smučanju; veslanju
vrata	NOUN	DDDS|vrata|NOUN|2	odprtina za prehod
vrata	NOUN	DDDS|vrata|NOUN|3	premični element
vrata	NOUN	DDDS|vrata|NOUN|4	v računalništvu
vrata	NOUN	DDDS|vrata|NOUN|5	o vstopu v notranjost
vrata	NOUN	DDDS|vrata|NOUN|6	območje športnega zadetka
vrata	NOUN	DDDS|vrata|NOUN|7	o športnem rekvizitu
vrata	NOUN	DDDS|vrata|NOUN|8	o začetku delovanja; možnosti
vrata	NOUN	DDDS|vrata|NOUN|9	o naravnem prehodu
vzorec	NOUN	DDDS|vzorec|NOUN|1	ponavljajoča se vizualna oblika
vzorec	NOUN	DDDS|vzorec|NOUN|2	značilna forma
vzorec	NOUN	DDDS|vzorec|NOUN|3	za preizkušanje kakovosti
vzorec	NOUN	DDDS|vzorec|NOUN|4	v statistiki
vzorec	NOUN	DDDS|vzorec|NOUN|5	o vedenju
vzorec	NOUN	DDDS|vzorec|NOUN|6	predloga
vzorec	NOUN	DDDS|vzorec|NOUN|7	o modelu za šivanje
vzorec	NOUN	DDDS|vzorec|NOUN|8	za preiskavo
vzorec	NOUN	DDDS|vzorec|NOUN|9	zgled
zamrzniti	VERB	DDDS|zamrzniti|VERB|1	o nedelovanju tehnologije
zamrzniti	VERB	DDDS|zamrzniti|VERB|2	o čustvih
zamrzniti	VERB	DDDS|zamrzniti|VERB|3	o metodi odstranitve bradavic
zamrzniti	VERB	DDDS|zamrzniti|VERB|4	o ustavitvi dogajanja
zamrzniti	VERB	DDDS|zamrzniti|VERB|5	o slabi odzivnosti
zamrzniti	VERB	DDDS|zamrzniti|VERB|6	o nezmožnosti izplačila
zamrzniti	VERB	DDDS|zamrzniti|VERB|7	spremeniti se v led
zamrzniti	VERB	DDDS|zamrzniti|VERB|8	o načinu hrambe
zamrzniti	VERB	DDDS|zamrzniti|VERB|9	postati trd ali sprijeti se zaradi ledu
zamrzniti	VERB	DDDS|zamrzniti|VERB|10	o negibnosti
zamrzniti	VERB	DDDS|zamrzniti|VERB|11	določiti, da ostane na določeni višini
zamrznjen	ADJ	DDDS|zamrznjen|ADJ|1	o otrplosti zaradi mraza
zamrznjen	ADJ	DDDS|zamrznjen|ADJ|2	trd ali sprijet zaradi ledu
zamrznjen	ADJ	DDDS|zamrznjen|ADJ|3	o čustvih
zamrznjen	ADJ	DDDS|zamrznjen|ADJ|4	o ledu
zamrznjen	ADJ	DDDS|zamrznjen|ADJ|5	o ustavitvi dogajanja
zamrznjen	ADJ	DDDS|zamrznjen|ADJ|6	negiben
zamrznjen	ADJ	DDDS|zamrznjen|ADJ|7	o nezmožnosti izplačila
zamrznjen	ADJ	DDDS|zamrznjen|ADJ|8	o načinu hrambe
zamrznjen	ADJ	DDDS|zamrznjen|ADJ|9	ki ostane na določeni višini
zapreti	VERB	DDDS|zapreti|VERB|1	o napravah
zapreti	VERB	DDDS|zapreti|VERB|2	o bolezenskem stanju
zapreti	VERB	DDDS|zapreti|VERB|3	onemogočiti pretok oz. delovanje
zapreti	VERB	DDDS|zapreti|VERB|4	poslati v zapor
zapreti	VERB	DDDS|zapreti|VERB|5	zamašiti
zapreti	VERB	DDDS|zapreti|VERB|6	omejiti število udeležencev
zapreti	VERB	DDDS|zapreti|VERB|7	shraniti v notranjost
zapreti	VERB	DDDS|zapreti|VERB|8	o času neposlovanja
zapreti	VERB	DDDS|zapreti|VERB|9	premakniti, da ni več odprtine
zapreti	VERB	DDDS|zapreti|VERB|10	o obdanosti oz. omejenosti s čim
zapreti	VERB	DDDS|zapreti|VERB|11	onemogočiti koga
zapreti	VERB	DDDS|zapreti|VERB|12	narediti, da pridejo deli skupaj
zapreti	VERB	DDDS|zapreti|VERB|13	ukiniti oz. prenehati z dejavnostjo
zapreti	VERB	DDDS|zapreti|VERB|14	o odloku
zapreti	VERB	DDDS|zapreti|VERB|15	o predvidenem zaključku
zapreti	VERB	DDDS|zapreti|VERB|16	o oviri
zapreti	VERB	DDDS|zapreti|VERB|17	utihniti
zapreti	VERB	DDDS|zapreti|VERB|18	zakleniti koga, da ne more ven
zapreti	VERB	DDDS|zapreti|VERB|19	dokončati
zapreti	VERB	DDDS|zapreti|VERB|20	o oknu na računalniku
zaprt	ADJ	DDDS|zaprt|ADJ|1	o zaključeni debati
zaprt	ADJ	DDDS|zaprt|ADJ|2	o delovanju, ločenem od okolice
zaprt	ADJ	DDDS|zaprt|ADJ|3	o bolezenskem stanju
zaprt	ADJ	DDDS|zaprt|ADJ|4	o obrambni igri
zaprt	ADJ	DDDS|zaprt|ADJ|5	nedovzeten za novosti
zaprt	ADJ	DDDS|zaprt|ADJ|6	o času neposlovanja
zaprt	ADJ	DDDS|zaprt|ADJ|7	o samoiniciativni osamitvi
zaprt	ADJ	DDDS|zaprt|ADJ|8	o obliki
zaprt	ADJ	DDDS|zaprt|ADJ|9	s pokrito odprtino
zaprt	ADJ	DDDS|zaprt|ADJ|10	o onemogočenem pretoku oz. delovanju
zaprt	ADJ	DDDS|zaprt|ADJ|11	o prilegajočih se delih
zaprt	ADJ	DDDS|zaprt|ADJ|12	o težko razumljivi umetnosti
zaprt	ADJ	DDDS|zaprt|ADJ|13	o napravi
zaprt	ADJ	DDDS|zaprt|ADJ|14	o odloku
zaprt	ADJ	DDDS|zaprt|ADJ|15	zaklenjen, da ne more ven
zaprt	ADJ	DDDS|zaprt|ADJ|16	o zaključeni skupini
zaprt	ADJ	DDDS|zaprt|ADJ|17	o predvidenem zaključku
zaprt	ADJ	DDDS|zaprt|ADJ|18	ki nima možnosti za uspeh
zaprt	ADJ	DDDS|zaprt|ADJ|19	o oviri
zaprt	ADJ	DDDS|zaprt|ADJ|20	shranjen v notranjost
zaprt	ADJ	DDDS|zaprt|ADJ|21	o osebnostni lastnosti
zaprt	ADJ	DDDS|zaprt|ADJ|22	o omejitvi udeležencev
zaprt	ADJ	DDDS|zaprt|ADJ|23	o ukinitvi oz. prekinitvi dejavnosti
zaprt	ADJ	DDDS|zaprt|ADJ|24	ki je v zaporu
zaprt	ADJ	DDDS|zaprt|ADJ|25	zamašen
zaprt	ADJ	DDDS|zaprt|ADJ|26	o oknu na računalniku
zaprt	ADJ	DDDS|zaprt|ADJ|27	obdan z vseh strani
zaprtje	NOUN	DDDS|zaprtje|NOUN|1	o obdanosti s čim
zaprtje	NOUN	DDDS|zaprtje|NOUN|2	omejitev udeležencev
zaprtje	NOUN	DDDS|zaprtje|NOUN|3	bolezensko stanje
zaprtje	NOUN	DDDS|zaprtje|NOUN|4	o pokriti odprtini
zaprtje	NOUN	DDDS|zaprtje|NOUN|5	ukinitev
zaprtje	NOUN	DDDS|zaprtje|NOUN|6	o prilegajočih se delih
zaprtje	NOUN	DDDS|zaprtje|NOUN|7	o zaklenjenem izhodu
zaprtje	NOUN	DDDS|zaprtje|NOUN|8	zaključitev debate
zaprtje	NOUN	DDDS|zaprtje|NOUN|9	onemogočenje pretoka oz. delovanja
zaprtje	NOUN	DDDS|zaprtje|NOUN|10	o času neposlovanja
zaprtje	NOUN	DDDS|zaprtje|NOUN|11	o zamašitvi
zaprtje	NOUN	DDDS|zaprtje|NOUN|12	o odloku
zaprtje	NOUN	DDDS|zaprtje|NOUN|13	o predvidenem zaključku
zaprtje	NOUN	DDDS|zaprtje|NOUN|14	o oknu na računalniku
zaprtje	NOUN	DDDS|zaprtje|NOUN|15	o oviri
zaprtje	NOUN	DDDS|zaprtje|NOUN|16	o zaporu
zbor	NOUN	DDDS|zbor|NOUN|1	skupina pevcev
zbor	NOUN	DDDS|zbor|NOUN|2	postroj
zbor	NOUN	DDDS|zbor|NOUN|3	zbrana skupina
zbor	NOUN	DDDS|zbor|NOUN|4	umetniška skupina
zbor	NOUN	DDDS|zbor|NOUN|5	zborovanje; sestanek
zbor	NOUN	DDDS|zbor|NOUN|6	poklicna skupina
zbor	NOUN	DDDS|zbor|NOUN|7	uvodno srečanje ekipe
zbor	NOUN	DDDS|zbor|NOUN|8	politično telo
zbor	NOUN	DDDS|zbor|NOUN|9	prihod na zbirno mesto
zgodovina	NOUN	DDDS|zgodovina|NOUN|1	publikacija
zgodovina	NOUN	DDDS|zgodovina|NOUN|2	veda
zgodovina	NOUN	DDDS|zgodovina|NOUN|3	o družinskem zdravju
zgodovina	NOUN	DDDS|zgodovina|NOUN|4	zanimiva preteklost
zgodovina	NOUN	DDDS|zgodovina|NOUN|5	preteklost
zgodovina	NOUN	DDDS|zgodovina|NOUN|6	o konkretni entiteti ali vidiku
zgodovina	NOUN	DDDS|zgodovina|NOUN|7	šolski predmet
zgodovina	NOUN	DDDS|zgodovina|NOUN|8	o brskanju po spletu
zgodovina	NOUN	DDDS|zgodovina|NOUN|9	izobraževalni program
čist	ADJ	DDDS|čist|ADJ|1	o bistvenem ali aktivnem delu česa
čist	ADJ	DDDS|čist|ADJ|2	z moralnega vidika
čist	ADJ	DDDS|čist|ADJ|3	o papirju
čist	ADJ	DDDS|čist|ADJ|4	brez uporabe prepovedanih substanc
čist	ADJ	DDDS|čist|ADJ|5	brez primesi
čist	ADJ	DDDS|čist|ADJ|6	neonesnažen
čist	ADJ	DDDS|čist|ADJ|7	brez nepotrebnega razmišljanja
čist	ADJ	DDDS|čist|ADJ|8	enostaven, preprost - brez okrasja
čist	ADJ	DDDS|čist|ADJ|9	okolju prijazen
čist	ADJ	DDDS|čist|ADJ|10	jasen, enoznačen
čist	ADJ	DDDS|čist|ADJ|11	o visoki stopnji
čist	ADJ	DDDS|čist|ADJ|12	o zakonitem delovanju
čist	ADJ	DDDS|čist|ADJ|13	v katerega se jasno vidi
čist	ADJ	DDDS|čist|ADJ|14	ki ni umazan
čist	ADJ	DDDS|čist|ADJ|15	o kvaliteti
čist	ADJ	DDDS|čist|ADJ|16	o definiranem vonju ali okusu
čist	ADJ	DDDS|čist|ADJ|17	ki nima tujih prvin
čist	ADJ	DDDS|čist|ADJ|18	brez greha; versko zgleden
čist	ADJ	DDDS|čist|ADJ|19	brez napak
čist	ADJ	DDDS|čist|ADJ|20	o vrednosti
čist	ADJ	DDDS|čist|ADJ|21	ki ne vključuje drugega
čist	ADJ	DDDS|čist|ADJ|22	brez ovir
čist	ADJ	DDDS|čist|ADJ|23	brez prekrškov